Zona/Barrio Búsqueda,Nombre del Negocio,Dirección,Teléfono / WhatsApp,Tiene Sitio Web,URL del Sitio Web
"Centro, Tarragona",Clínica Odita - Cirugía y medicina estética en Tarragona,"Rambla Nova, 2, 1-1, 43004 Tarragona, Spain",977 23 60 60,Sí,http://www.clinicaodita.com/
"Centro, Tarragona",Encarni Belleza. Centro de Estética,"Carrer de Francesc Bastos, 10, 43005 Tarragona, Spain",977 24 35 06,Sí,https://cromatic.es/
"Centro, Tarragona",Centro Electrologia Gracia - Depilación Láser y Tratamientos Faciales Tarragona,"Plaça de Mossèn Cinto Verdaguer, 5, 43003 Tarragona, Spain",622 48 69 18,Sí,https://www.instagram.com/electrologiagracia/?hl=es
"Centro, Tarragona",Clínica Mayol - Medicina y cirugía estética en Tarragona,"Av. de Ramón y Cajal, 25, 43001 Tarragona, Spain",977 22 22 42,Sí,https://clinicamayol.com/
"Centro, Tarragona",Centro de Belleza y Salud Ángela,"Carrer del Governador González, 35, Entresuelo 2ª, 43001 Tarragona, Spain",977 21 39 70,Sí,http://www.angelabelleza.com/
"Centro, Tarragona",Kobba Beauty Studio Centro de Bienestar y belleza,"Via Augusta, 35, 43003 Tarragona, Spain",615 76 37 68,Sí,http://www.kobbabeauty.com/
"Centro, Tarragona",Centro de estética y quiromasaje Laura Liébana,"Passeig Marítim Rafael Casanova, 3, 43003 Tarragona, Spain",977 23 92 09,Sí,http://www.lauraliebana.es/
"Centro, Tarragona",Clínica Rigo Medicina Estètica,"Rambla President Francesc Macià, 6, Loc 5, 43005 Tarragona, Spain",977 17 68 29,Sí,https://www.drarigo.com/
"Centro, Tarragona",Quiroesthetic by Miriam Subirats en Tarragona,"Av. de Ramón y Cajal, 16, 43001 Tarragona, Spain",636 83 90 84,Sí,https://www.quiroesthetic.com/
"Centro, Tarragona",DUNI - Centro de Estética Avanzado en Tarragona,"Carrer Gomera, 8-10, Loc 2A Bajos, 43006 Tarragona, Spain",644 15 80 81,Sí,https://micentro.estetical.es/centro/Duni-Secreto-de-Belleza-Tarragona
"Centro, Tarragona",SPLENDOR CENTER TARRAGONA,"Carrer del Gasòmetre, 4, 43001 Tarragona, Spain",651 61 86 95,No,
"Centro, Tarragona",ATMOSFERA Centro de Bienestar y Belleza,"Carrer Major, 40, 43003 Tarragona, Spain",657 16 53 06,Sí,https://atmosfera-spa.com/
"Centro, Tarragona",▷ Asami Estètica - Quiromassatges a Tarragona,"Bulevard bus, Carrer D'Higini Angles, 4, LOCAL B12, 43001 Tarragona, Spain",688 39 39 71,Sí,https://asamiestetica.com/
"Centro, Tarragona",Estética Avanzada Beauty skin,"Carrer del Cardenal Cervantes, 37, principal A, 43001 Tarragona, Spain",625 43 85 35,Sí,http://beautyskinsara.booksy.com/
"Centro, Tarragona",LE ESTHETIC,"Carrer de Mallorca, 11, 43001 Tarragona, Spain",665 20 51 35,Sí,https://www.leesthetic.com/es/
"Centro, Tarragona",Clínica Londres | Cirurgia i Medicina Estètica,"Carrer Enric d'Ossó, 2, 43005 Tarragona, Spain",977 24 92 62,Sí,https://www.clinicalondres.es/clinicas/tarragona
"Centro, Tarragona",Classique Centre d'Estètica - Tarragona,"Carrer de Sevilla, 7, 43001 Tarragona, Spain",977 25 07 16,Sí,https://spa.massage.ivof.com/classique-centre-destetica-tarragona/
"Centro, Tarragona",Miriam Estètica,"Av. Catalunya, 25, 43002 Tarragona, Spain",684 00 87 35,Sí,https://instagram.com/miriam.estetica?igshid=NDA1YzNhOGU=
"Centro, Tarragona",Cuida't Tarragona,"Carrer Josep Pla Casadevall, 2, 43007 Tarragona, Spain",977 29 14 75,Sí,https://www.bit.ly/Demana_cita
"Centro, Tarragona",Estetic 21,"Pl. de la Generalitat, 1 , Loc 9, 43005 Tarragona, Spain",977 24 08 30,Sí,http://www.peluqueriasyestetica.com/
"Part Alta, Tarragona",Munika,"Carrer del Cardenal Cervantes, 13, 43001 Tarragona, Spain",640 98 62 84,Sí,https://www.munika.es/
"Part Alta, Tarragona",Babi Martins | Beauty Brasil,"Calle de Bonaventura, Carrer de Bonaventura Hernandez I Sanahuja, 2, 4-6, 43002 Tarragona, Spain",642 53 60 14,Sí,http://www.beautybrasil.es/
"Part Alta, Tarragona",JO ESTÉTICA,"Av. d'Estanislau Figueres, 19, 43002 Tarragona, Spain",679 96 40 66,Sí,https://www.joestetica.com/
"Part Alta, Tarragona",Lis Miradas Rosas Cejas y Pestañas Tarragona,"Via de l'Imperi Romà, 11, 43003 Tarragona, Spain",603 45 44 07,Sí,https://www.instagram.com/miradasrosas/
"Part Alta, Tarragona",Maderoesthetic - Maderoterapia Tarragona,"Carrer de Bonaventura Hernandez I Sanahuja, 11, 43002 Tarragona, Spain",611 69 48 98,Sí,https://maderoesthetic.com/
"Part Alta, Tarragona",Sapphira Privé Tarragona Centro,"Carrer de López Peláez, 12, 43002 Tarragona, Spain",641 21 92 05,Sí,https://sapphiratarragonacentro.com/
"Part Alta, Tarragona",MEDICINA ESTÉTICA DR. EDERT GONZÁLEZ,"CLINIMEDIC, Rambla Nova, 58-60, 2A, 43003 Tarragona, Spain",676 36 90 06,Sí,http://www.dredertgonzalez.com/
"Part Alta, Tarragona",Vibe centro de estética - torreforta,"Carrer Amposta, 39, 43006 Tarragona, Spain",977 54 15 13,Sí,https://spa.massage.ivof.com/vibe-centro-de-estetica-torreforta/
"Campclar, Tarragona",Lleonart Beauty Center - Estética,"C. Tortosa, 37, Loc 1, 43006 Tarragona, Spain",659 07 02 14,Sí,https://yolandalleonartpaz.com/
"Campclar, Tarragona",Laura Estetik,"C. Francolí, 69, 43006 Tarragona, Spain",692 06 69 05,No,
"Campclar, Tarragona",Centro de estética Sara Triviño,"C/ Illes Balears, 43006 Tarragona, Spain",608 25 12 82,No,
"Campclar, Tarragona",LidiaFernández_ESTÉTICA DEPILIFE,"Carrer Riu Besòs, bloque 1, Esc.2, local B, 43006 Tarragona, Spain",691 61 37 20,No,
"Campclar, Tarragona",Sakura Palace,"Rambla Nova, 117, 43002 Tarragona, Spain",669 00 94 83,Sí,http://sakurapalaces.com/
"Campclar, Tarragona",Eva Beauty center,"Carrer Sant Benilde, 1, Loc 2, 43006 Tarragona, Spain",611 68 08 56,Sí,https://www.evabeautycenter.es/
"Campclar, Tarragona",AINARA BROWS,"Carrer Vint-I-Dos, 10, Bonavista, 43100 Tarragona, Spain",696 28 39 73,No,
"Campclar, Tarragona",Ishtar Beauty Centro de Belleza,"Carrer Violant d'Hongria, 25, 43007 Tarragona, Spain",682 02 07 78,No,
"Campclar, Tarragona",Estudio Sorli,"Carrer de Sant Pere, 29, 43004 Tarragona, Spain",722 20 85 29,Sí,https://esteticasorli.com/
"Sant Pere y Sant Pau, Tarragona",MEI (Medicina i Estética Integral),"Carrer Blanca d'Anjou, 11, 43007 Tarragona, Spain",665 44 41 49,Sí,https://clinicamei.com/
"Sant Pere y Sant Pau, Tarragona",Santuario,"Bloc Sant Joan, escalera D, 43007 Tarragona, Spain",643 41 60 50,Sí,https://www.santuariobellezaholistica.es/
"Sant Pere y Sant Pau, Tarragona",PILI NAILS - Tarragona,"Edificio La Mussara, Escalera A, local 17, 43007 San Pedro y San Pablo, Tarragona, Spain",620 56 24 31,Sí,https://nails.es.ivof.com/146/
"Sant Pere y Sant Pau, Tarragona",Syrocco Perruquers peluqueria Tarragona,"Carrer Violant d'Hongria, 50, 43007 Tarragona, Spain",977 20 34 56,Sí,https://syroccoperruquers.com/
"Sant Pere y Sant Pau, Tarragona",Lash me beauty,"Carrer D'Higini Angles, 4, Oficina A7, 43001 Tarragona, Spain",657 86 43 85,Sí,https://www.instagram.com/lash.me_beauty?igsh=Mm8xNXRkeWZlOTEx&utm_source=qr
"Sant Pere y Sant Pau, Tarragona",Stephanie Lopez (Beauty Trainer Academy) Tarragona,"C. de San Pedro, 29, entresuelo entresuelo, 43004 Tarragona, Spain",679 92 12 86,Sí,https://beauty.es.wwwcafe.de/stephanie-lopez-beauty-trainer-academy/
"Centro, Reus",Le Blanc Estètic - Centre d'estètica a Reus,"Plaça de les Basses, 1, 43201 Reus, Tarragona, Spain",977 50 61 29,Sí,http://www.leblancestetic.com/
"Centro, Reus",Institut de Bellesa Port Reus,"Carrer d'Antoni Gaudí, 7, 43202 Reus, Tarragona, Spain",977 32 08 23,Sí,https://ibport.cat/
"Centro, Reus",Centre de Bellesa Eld,"Pg. de Prim, 31, 43202 Reus, Tarragona, Spain",977 31 77 28,Sí,https://www.eldbellesa.com/
"Centro, Reus",Hera Centre Mèdic Estètic,"Carrer de Jesús, 24, 43201 Reus, Tarragona, Spain",645 55 31 16,Sí,https://clinicaherareus.com/
"Centro, Reus","Centro de Dietética Integrativa, Estética y Micropigmentacion Ethereum","Plaça d Enric Yzaguirre, bajos 4, 43201 Reus, Tarragona, Spain",687 41 07 62,Sí,https://centroethereum.com/
"Centro, Reus",Centre Estètic Cris,"Carrer del Vapor Vell, 29, 43201 Reus, Tarragona, Spain",639 93 15 20,Sí,https://www.instagram.com/centre_estetic_cris/
"Centro, Reus",Mima't Centre d'estètica,"Carrer d'Antoni Rius i Miró, 7, 43205 Reus, Tarragona, Spain",623 34 12 10,No,
"Centro, Reus",Excellence Institut de Bellesa - Estètica,"Avinguda de Sant Jordi, 9, 43201 Reus, Tarragona, Spain",977 33 89 14,Sí,http://www.excellence-institut.es/
"Centro, Reus",Bienester Reus · Estética Bio,"Camí de l'Aleixar, 40, B, 43202 Reus, Tarragona, Spain",622 29 93 45,Sí,http://www.bienester.com/
"Centro, Reus",Estética Silvia,"Carrer de Francesc Ferrer i Guàrdia, 43206 Reus, Tarragona, Spain",687 94 68 07,No,
"Centro, Reus",Maderoesthetic Reus - Maderoterapia,"Carrer Ample, 47, 43201 Reus, Tarragona, Spain",659 65 29 27,Sí,http://maderoesthetic.com/
"Centro, Reus",ATEMPORAL ESTHETIC LAB. Bellesa amb Autoestima.,"Av. de Prat de la Riba, 2, 2n-2a, 43201 Reus, Tarragona, Spain",640 58 35 14,Sí,http://www.atemporal.com/
"Centro, Reus",Nuvol Institut de Bellesa,"Raval de Robuster, 13, 43204 Reus, Tarragona, Spain",622 25 46 98,Sí,http://www.nuvolreus.com/
"Centro, Reus","CENTRE DE SALUT, ESTETICA I BELLESA MOUGUET (Centre Reus)","Carrer de Salvador Espriu, 5, 2n, 12, 43201 Reus, Tarragona, Spain",977 31 11 07,Sí,https://annaabernal.wixsite.com/salutibellesamouguet
"Centro, Reus",Centre d'estètica Bouquet,"Carrer de Castellvell, 6, 43202 Reus, Tarragona, Spain",977 32 82 19,Sí,https://esteticabouquet.com/
"Centro, Reus",Centre d'estètica Tami Studio,"Av. dels Països Catalans, 6, 43206 Reus, Tarragona, Spain",602 39 29 23,Sí,https://instagram.com/tami_studioo?igshid=OGQ5ZDc2ODk2ZA==
"Centro, Reus",Centre d'estètica i ungles Beauty Paula's,"Raval de Jesús, 22, 43201 Reus, Tarragona, Spain",745 05 25 56,Sí,https://negocioscerca.es/empresa/centre-destetica-i-ungles-beauty-paulas-reus
"Centro, Reus",Beauty Center,"Av. dels Països Catalans, 24, 43206 Reus, Tarragona, Spain",977 18 17 58,Sí,https://www.beautycenter.cat/
"Centro, Reus",CÖCO Estètica i Benestar,"Carrer de Rourell, 3, 43204 Reus, Tarragona, Spain",877 07 54 55,Sí,https://www.facebook.com/cocoesteticaypelu?ref=bookmarks
"Centro, Reus",Reus Clínic | Medicina estética,"Carrer d'Antoni Gaudí, 66, 43203 Reus, Tarragona, Spain",977 53 93 58,Sí,http://www.reusclinic.es/
"Ponent, Reus",Cosplen – Estética y Micropigmentación en Reus Tarragona,"Carrer de Baldomer Galofré, 2, 43205 Reus, Tarragona, Spain",722 36 88 51,Sí,https://micentro.estetical.es/centro/Cosplen-Resalta-tu-Belleza-Reus-Tarragona
"Ponent, Reus",Clínica de Medicina Estética Andrea Romano,"Avinguda de Sant Jordi, 17-19, of 101, 43201 Reus, Tarragona, Spain",675 65 17 23,Sí,https://andrearomano.es/
"Ponent, Reus",Ekora Bienestar Integral,"Passeig de Misericòrdia, 55, bajos 2B, 43205 Reus, Tarragona, Spain",625 38 31 18,No,
"Ponent, Reus",Clínica EGOS & Bloome Reus - Cirugía y medicina estética,"Carrer de Castellvell, 7, 43202 Reus, Tarragona, Spain",622 40 65 76,Sí,https://www.clinicaegos.com/
"Mestral, Reus",Centro Médico Estibel,"Carrer de Sant Elies, 34, 2º 4ª, 43201 Reus, Tarragona, Spain",977 33 12 16,Sí,http://www.estibel.com/
"Mestral, Reus",FANTASY STUDIO CENTRE D'ESTÈTICA,"Carrer de Balmes, 20a, 43201 Reus, Tarragona, Spain",687 13 19 49,No,
"Mestral, Reus",Flash Glow Nails,"Carrer del Vent, 34, Piso 2, 43201 Reus, Tarragona, Spain",621 33 19 83,No,
"Mestral, Reus",Belleza y Salud SH Estética,"Avinguda de la Salle, 45, Loc 31, 43205 Reus, Tarragona, Spain",697 81 36 15,Sí,https://garcia1978.wixsite.com/my-site
"Mestral, Reus",Jackelin Beauty,"Carrer de Santa Teresa, 12, 43201 Reus, Tarragona, Spain",610 65 67 44,No,
"Migjorn, Reus",Embrows&beauty by Estefanía Molina,"Raval de Martí Folguera, 32, Loc 2, 43205 Reus, Tarragona, Spain",641 06 94 00,Sí,https://glowcrystalgems.es/
"Migjorn, Reus",Centre d'estètica Mireia,"Corredor del Gas 17-19 Bajos 1, 43204 Reus, Tarragona, Spain",No disponible,No,
"Migjorn, Reus",Las cejas de Cori,"Carrer de Sant Francesc Xavier, 18, 43204 Reus, Tarragona, Spain",645 17 44 91,No,
Calafell Poble,Centro de Estética Y Spa Experience By Sonia & Esther,"Carrer Mallorca, 44, 43820 Calafell, Tarragona, Spain",669 43 97 02,Sí,https://www.facebook.com/Experience-101042878179101/
Calafell Poble,CALAFELL SALUD ESTÉTICA,"Carrer de Vilamar, 91, 43820 Calafell, Tarragona, Spain",647 56 28 71,Sí,http://www.medicinacalafellmicro.com/
Calafell Poble,PRESTIGE BEAUTY By KRISTIANA METODIEVA,"Carrer Mallorca, 42, 43820 Calafell, Tarragona, Spain",613 77 76 02,No,
Calafell Poble,"Centre de Estètica i Teràpies Manuals, Eva","Carrer de Sant Pere, 39, 43820 Calafell, Tarragona, Spain",977 69 47 55,Sí,https://evagrifols.com/
Calafell Poble,Amanda Centro de Estética,"Estil (Sala Estética, Carrer Mallorca, 26, Loc 9, 43820 Calafell, Tarragona, Spain",691 20 28 07,Sí,https://amandacentrodeestetica.com/
Calafell Poble,Salut i Bellesa Yolanda,"Carrer de Mar, 48, 43820 Calafell, Tarragona, Spain",620 22 87 26,No,
Calafell Poble,Estética Tara Blanca,"Carrer de Vilamar, 89-91, 43820 Calafell, Tarragona, Spain",612 46 41 78,Sí,https://esteticatarablanca.booksy.com/a
Calafell Poble,Ester Saumell - Imagen y Bienestar personal,"Carrer de Montserrat, 4, 43820 Calafell, Tarragona, Spain",645 42 43 02,Sí,http://www.estersaumell.com/
Calafell Poble,Maryetta beauty,"Carrer Mallorca, 21, 43820 Calafell, Tarragona, Spain",635 11 49 94,No,
Calafell Poble,"Armonía, Pies y Alma","Carrer de Mar, 48, Loc 1, 43820 Calafell, Tarragona, Spain",635 66 96 34,No,
Calafell Poble,Àngela.Estètica Personal,"Av. Mossèn Jaume Soler, 11-13, 43820 Calafell, Tarragona, Spain",670 38 45 56,No,
Calafell Poble,Bloom by Claudia Garnica,"Rambla Mossèn Jaume Tobella, 84, 43820 Calafell, Tarragona, Spain",658 69 63 17,No,
Calafell Poble,MOISÈS PERRUQUERS,"Carrer Josep Bargés i Barba, 3, 43820 Calafell, Tarragona, Spain",672 08 25 30,Sí,https://moisesperruquers.wixsite.com/2015/inicio
Calafell Poble,Coco Salon& Beauty,"Carrer de Montserrat, 25, 43820 Calafell, Tarragona, Spain",622 35 41 44,Sí,https://www.instagram.com/cocosalonbeauty/
Calafell Poble,ESSENTIAL BEAUTY,"Urbanización Bonavista Mar, C. Principat D'Andorra, 26, 43880 El Vendrell, Tarragona, Spain",650 58 32 41,No,
Calafell Poble,Centro de Estética Aroa Martínez,"Carrer de Montserrat, 23, Loc 2, 43820 Calafell, Tarragona, Spain",635 75 71 27,No,
Calafell Poble,Mary Gilverte | Centro de estética y peluquería,"15-19, Av. del Sanatori, 43700 playa, Tarragona, Spain",977 53 94 09,Sí,https://esteticamarygilverte.com/
Calafell Poble,Meraki Beauty by Priscila Okla,"Carrer de Sant Pere, 37, Local 1, 43820 Calafell, Tarragona, Spain",603 15 66 99,No,
Calafell Poble,MANICURA & PEDICURA & UÑAS SEMI-PERMANENTE (ESTÉTICA SALÓN),"3 Bis, Carrer Josep Bargés i Barba, 43820 Calafell, Tarragona, Spain",672 08 25 30,No,
Calafell Poble,"Lidia Rasero - Nutrició, Entrenament Personal i Estètica","Local A5 (Puerto de, 43882 Segur de Calafell, Tarragona, Spain",672 08 17 11,Sí,http://www.lidiarasero.com/
Segur de Calafell,Centre D'Estetica Aquaspa,"Carrer del Llobregat, 15, 43882 Segur de Calafell, Tarragona, Spain",977 78 28 97,No,
Segur de Calafell,Salon de Belleza Velis,"Paseo marítimo, 235, 43882 Segur de Calafell, Tarragona, Spain",677 61 26 89,Sí,https://instagram.com/salonbellezavelis?igshid=MzNlNGNkZWQ4Mg==
Segur de Calafell,"Dra. Luindy. Medicina Estetica, Estetica, bienestar general y Maderoterapia a domicilio","Ctra. Barcelona, 90, 43882 Segur de Calafell, Tarragona, Spain",605 32 05 50,Sí,https://walink.co/scvame
Segur de Calafell,Uñas - Ungles & Nails,"Plaça Mediterrani, 6, 43882 Segur de Calafell, Tarragona, Spain",606 27 68 35,No,
Segur de Calafell,Gia Nails,"Ctra. Barcelona, 107, Loc J, Puerta Q, 43882 Calafell, Tarragona, Spain",632 65 65 81,Sí,https://www.instagram.com/gia_nailss_/
Segur de Calafell,Lulu Studio,"Carrer del Vendrell, 28, 43881 Cunit, Tarragona, Spain",673 18 14 06,Sí,http://www.lulustudiotarragona.com/
Segur de Calafell,Adda Fernandez Fuentes,"Carrer del Xúquer, 29, 43882 Calafell, Tarragona, Spain",603 71 04 56,No,
Segur de Calafell,Gonails,"Ctra. Barcelona, 94, 43882 Segur de Calafell, Tarragona, Spain",658 02 46 66,No,
Calafell Platja,Osito Nails,"Carrer del Carme, 2, 43820 Calafell, Tarragona, Spain",632 26 13 37,No,
Calafell Platja,Nails By Yulia,"Carrer d'Antistiana, 43820 Calafell, Tarragona, Spain",671 14 87 34,Sí,https://wa.me/message/NAFW7AKWEXGOE1
